{"chunk_definitions":[{"row":30,"row_count":1,"visible":true,"expansion_state":0,"options":{"engine":"r","label":"setup","include":false},"document_id":"66BE4F00","chunk_id":"csetup_chunk","chunk_label":"setup"},{"row":54,"row_count":1,"visible":true,"expansion_state":0,"options":{"engine":"r","label":"densidad_impresiones","echo":false},"document_id":"66BE4F00","chunk_id":"cjw4cqtyp2jaw","chunk_label":"densidad_impresiones"},{"row":63,"row_count":1,"visible":true,"expansion_state":0,"options":{"engine":"r","label":"conversion_dia_tabla"},"document_id":"66BE4F00","chunk_id":"cqx04pfoh2ryp","chunk_label":"conversion_dia_tabla"},{"row":68,"row_count":1,"visible":true,"expansion_state":0,"options":{"engine":"r","label":"conversion_hora_figura","echo":false,"fig.align":"center"},"document_id":"66BE4F00","chunk_id":"cnw0v1cejz651","chunk_label":"conversion_hora_figura"},{"row":83,"row_count":1,"visible":true,"expansion_state":0,"options":{"engine":"r","label":"conversion_hora_dia_grafico","echo":false,"fig.align":"center"},"document_id":"7BB6DA89","chunk_id":"c59q0z90ojams","chunk_label":"conversion_hora_dia_grafico"},{"row":207,"row_count":1,"visible":true,"expansion_state":0,"options":{"engine":"r","label":"unnamed-chunk-1"},"document_id":"7BB6DA89","chunk_id":"chl0r4ln4fsiy","chunk_label":"unnamed-chunk-7"},{"row":220,"row_count":1,"visible":true,"expansion_state":0,"options":{"engine":"r","label":"evolucion_tasa_conversion","echo":false},"document_id":"7BB6DA89","chunk_id":"cavne5xkqluga","chunk_label":"evolucion_tasa_conversion"},{"row":232,"row_count":1,"visible":true,"expansion_state":0,"options":{"engine":"r","echo":false,"label":"unnamed-chunk-6"},"document_id":"7BB6DA89","chunk_id":"cbn49tjvddzjn","chunk_label":"unnamed-chunk-9"},{"row":248,"row_count":1,"visible":true,"expansion_state":0,"options":{"engine":"r","label":"efecto_hora_tasa","echo":false},"document_id":"7BB6DA89","chunk_id":"cponoh86jyrre","chunk_label":"efecto_hora_tasa"},{"row":254,"row_count":1,"visible":true,"expansion_state":0,"options":{"engine":"r","label":"efecto_hora_efectividad","echo":false},"document_id":"7BB6DA89","chunk_id":"ccpwte3d3wz3m","chunk_label":"efecto_hora_efectividad"},{"row":266,"row_count":1,"visible":true,"expansion_state":0,"options":{"engine":"r","label":"model_lineal_prob","echo":false,"results":"asis"},"document_id":"7BB6DA89","chunk_id":"c7l5mqtln03b7","chunk_label":"model_lineal_prob"},{"row":272,"row_count":1,"visible":true,"expansion_state":0,"options":{"engine":"r","echo":false,"label":"unnamed-chunk-7"},"document_id":"7BB6DA89","chunk_id":"cbpjb2bpbr7r2","chunk_label":"unnamed-chunk-10"},{"row":281,"row_count":1,"visible":true,"expansion_state":0,"options":{"engine":"r","echo":false,"label":"unnamed-chunk-9"},"document_id":"7BB6DA89","chunk_id":"cboyz2swf0drx","chunk_label":"unnamed-chunk-11"},{"row":287,"row_count":1,"visible":true,"expansion_state":0,"options":{"engine":"r","label":"coeficiente_dia_semana","echo":false},"document_id":"7BB6DA89","chunk_id":"c20kn9325mubi","chunk_label":"coeficiente_dia_semana"},{"row":295,"row_count":1,"visible":true,"expansion_state":0,"options":{"engine":"r","label":"coeficiente_hora_dia","echo":false},"document_id":"7BB6DA89","chunk_id":"cwczsm0v3uz6w","chunk_label":"unnamed-chunk-12"}],"doc_write_time":1663823578,"working_dir":null,"default_chunk_options":{"echo":true}}