"0","data %>%"
"0","  dplyr::group_by(clases_impr) %>%"
"0","  dplyr::summarise(usuarios = n(), "
"0","                   conversion = sum(converted), "
"0","                   total_impresiones = sum(tot_impr)) %>%"
"0","  dplyr::ungroup() %>%"
"0","  dplyr::mutate(tasa_conversion = (conversion / usuarios) * 100,"
"0","                impresiones_conversion = total_impresiones / conversion) %>%"
"0","  dplyr::rename(Clases = clases_impr, Usuarios = usuarios, "
"0","                `Total impresiones` = total_impresiones,"
"0","                `Tasa de conversión` = tasa_conversion,"
"0","                `Impresiones por conversión` = impresiones_conversion,"
"0","                Conversión = conversion) %>%"
"0","  kableExtra::kable(., digits = c(0, 0, 0, 1, 1))"
